{
    "products": [
      {
        "name": "Tondeuse à cheveux Nomad 4",
        "brand": "Rowenta",
        "description": "Tondeuse à cheveux - Non étanche - Blanc",
        "image": "img/rowenta.webp",
        "link": "",
        "price": "160"
      },
      {
        "name": "Tondeuse à cheveux HC5010",
        "brand": "Braun",
        "description": "Tondeuse à cheveux - Non étanche - Noir",
        "image": "img/braun.webp",
        "link": "",
        "price": "170"
      },
      {
        "name": "Tondeuse à cheveux E99OE",
        "brand": "Babyliss",
        "description": "Tondeuse à cheveux - Non étanche - Noir",
        "image": "img/babyliss.webp",
        "link": "",
        "price": "180"
      },
      {
        "name": "Tondeuse à cheveux Perfect Line",
        "brand": "Rowenta",
        "description": "Tondeuse à cheveux - Non étanche - Noir/Rouge/Argent",
        "image": "img/rowenta1.webp",
        "link": "",
        "price": "190"
      },
      {
        "name": "Tondeuse à cheveux BRAUN",
        "brand": "Braun",
        "description": "Tondeuse à cheveux BRAUN",
        "image": "img/braun1.webp",
        "link": "",
        "price": "200"
      },
      {
        "name": "Tondeuse à cheveux Pro 40 E78",
        "brand": "Babyliss",
        "description": "Tondeuse à cheveux Pro 40 E78",
        "image": "img/babyliss1.webp",
        "link": "",
        "price": "250"
      },
      {
        "name": "Wahl-Tondeuse à cheveux MAGIC",
        "brand": "Wahl",
        "description": "Wahl-Tondeuse à cheveux MAGIC",
        "image": "img/wahl.webp",
        "link": "",
        "price": "300"
      },
      {
        "name": "Tondeuse à cheveux Airforce",
        "brand": "Rowenta",
        "description": "Tondeuse à cheveux Airforce",
        "image": "img/rowenta2.webp",
        "link": "",
        "price": "350"
      },
      {
        "name": "Tondeuse multi usages BABYLISS",
        "brand": "Babyliss",
        "description": "Tondeuse multi usages BABYLISS",
        "image": "img/babyliss2.webp",
        "link": "",
        "price": "400"
      },
      {
        "name": "Tondeuse multi usages BABYLISS",
        "brand": "Babyliss",
        "description": "Tondeuse multi usages BABYLISS",
        "image": "img/babyliss3.webp",
        "link": "",
        "price": "450"
      },
      {
        "name": "BABYLISS E756E - Tondeuse à cheveux",
        "brand": "Babyliss",
        "description": "BABYLISS E756E - Tondeuse à cheveux",
        "image": "img/babyliss4.webp",
        "link": "",
        "price": "500"
      },
      {
        "name": "Tondeuse à cheveux rechargeable",
        "brand": "Panasonic",
        "description": "Tondeuse à cheveux rechargeable",
        "image": "img/panasonic.webp",
        "link": "",
        "price": "480"
      }
    ]
  }
  